meter_id,feeder_id,consumer_type,is_theft_meter,attack_type,tamper_start_timestamp,base_contract_kw
MTR_0001,FEEDER_A,Residential,0,none,,3.6295742534376747
MTR_0002,FEEDER_B,Residential,0,none,,4.095760511509503
MTR_0003,FEEDER_C,Commercial,1,meter_reverse_flow,2026-03-15 00:00:00,22.827612963936865
MTR_0004,FEEDER_D,Residential,0,none,,4.014144390404427
MTR_0005,FEEDER_A,Residential,0,none,,3.734253706340448
MTR_0006,FEEDER_B,Residential,0,none,,4.347597526435876
MTR_0007,FEEDER_C,Industrial,1,gradual_drift_attenuation,2026-02-23 04:00:00,59.78567549205583
MTR_0008,FEEDER_D,Residential,0,none,,4.149564089439461
MTR_0009,FEEDER_A,Residential,0,none,,3.620756268125479
MTR_0010,FEEDER_B,Commercial,1,gradual_drift_attenuation,2026-02-22 23:00:00,21.44534189428696
MTR_0011,FEEDER_C,Residential,0,none,,4.297773872581544
MTR_0012,FEEDER_D,Residential,0,none,,4.3495590961665425
MTR_0013,FEEDER_A,Industrial,0,none,,55.320581874109905
MTR_0014,FEEDER_B,Industrial,1,scaling_bypass,2026-02-03 23:00:00,46.0603551869711
MTR_0015,FEEDER_C,Residential,0,none,,4.324006604621485
MTR_0016,FEEDER_D,Commercial,0,none,,15.342169197239981
MTR_0017,FEEDER_A,Residential,0,none,,3.746133049132823
MTR_0018,FEEDER_B,Industrial,1,flatline_floor,2026-02-02 21:00:00,36.44358153913283
MTR_0019,FEEDER_C,Residential,0,none,,4.534116095473606
MTR_0020,FEEDER_D,Commercial,0,none,,19.187439064867675
MTR_0021,FEEDER_A,Commercial,0,none,,19.686372378445675
MTR_0022,FEEDER_B,Residential,0,none,,4.433783016728567
MTR_0023,FEEDER_C,Residential,0,none,,3.9956935124532222
MTR_0024,FEEDER_D,Residential,0,none,,4.615318580488009
MTR_0025,FEEDER_A,Residential,1,peak_selective_bypass,2026-02-18 09:00:00,4.074228116472964
MTR_0026,FEEDER_B,Commercial,1,peak_selective_bypass,2026-02-02 03:00:00,13.881610894256083
MTR_0027,FEEDER_C,Residential,0,none,,4.339266412726776
MTR_0028,FEEDER_D,Residential,0,none,,4.632174687362254
MTR_0029,FEEDER_A,Residential,0,none,,4.320893016153615
MTR_0030,FEEDER_B,Residential,0,none,,3.807121450509246
MTR_0031,FEEDER_C,Commercial,0,none,,25.85263420943697
MTR_0032,FEEDER_D,Residential,0,none,,4.27486345178955
MTR_0033,FEEDER_A,Commercial,0,none,,24.887964064283025
MTR_0034,FEEDER_B,Commercial,1,scaling_bypass,2026-02-21 19:00:00,25.1589654289452
MTR_0035,FEEDER_C,Residential,0,none,,4.069275112842034
MTR_0036,FEEDER_D,Residential,0,none,,4.196451447415823
MTR_0037,FEEDER_A,Residential,0,none,,3.7887711236932846
MTR_0038,FEEDER_B,Residential,0,none,,3.746660165135292
MTR_0039,FEEDER_C,Residential,0,none,,4.615254676157123
MTR_0040,FEEDER_D,Industrial,0,none,,59.52318595683998
MTR_0041,FEEDER_A,Residential,0,none,,4.25067018983844
MTR_0042,FEEDER_B,Residential,0,none,,4.610033383589052
MTR_0043,FEEDER_C,Residential,0,none,,3.6351310540350927
MTR_0044,FEEDER_D,Residential,0,none,,4.442494288062961
MTR_0045,FEEDER_A,Residential,0,none,,4.4175187345847045
MTR_0046,FEEDER_B,Residential,1,gradual_drift_attenuation,2026-03-08 03:00:00,3.970222234605403
MTR_0047,FEEDER_C,Residential,1,scaling_bypass,2026-02-28 13:00:00,3.848927084687356
MTR_0048,FEEDER_D,Residential,0,none,,4.313149013637875
MTR_0049,FEEDER_A,Residential,0,none,,4.071449725874657
MTR_0050,FEEDER_B,Residential,0,none,,4.115561041194368
MTR_0051,FEEDER_C,Commercial,0,none,,17.294771665960802
MTR_0052,FEEDER_D,Residential,0,none,,4.279283813787548
MTR_0053,FEEDER_A,Industrial,0,none,,55.96190150891206
MTR_0054,FEEDER_B,Commercial,0,none,,22.585632973351828
MTR_0055,FEEDER_C,Commercial,0,none,,16.212040052466
MTR_0056,FEEDER_D,Residential,0,none,,4.40628888648905
MTR_0057,FEEDER_A,Residential,0,none,,3.977362054402254
MTR_0058,FEEDER_B,Commercial,0,none,,24.355407551343845
MTR_0059,FEEDER_C,Residential,1,scaling_bypass,2026-03-03 08:00:00,4.429668933511589
MTR_0060,FEEDER_D,Commercial,1,peak_selective_bypass,2026-03-04 10:00:00,22.704456802325545
MTR_0061,FEEDER_A,Residential,0,none,,4.299630072236134
MTR_0062,FEEDER_B,Commercial,0,none,,18.405695762290634
MTR_0063,FEEDER_C,Residential,0,none,,4.1330833676762
MTR_0064,FEEDER_D,Residential,0,none,,4.128829058355838
MTR_0065,FEEDER_A,Commercial,0,none,,21.337430156573337
MTR_0066,FEEDER_B,Commercial,1,peak_selective_bypass,2026-02-04 23:00:00,19.010290544273683
MTR_0067,FEEDER_C,Residential,1,meter_reverse_flow,2026-02-01 00:00:00,4.28840867441385
MTR_0068,FEEDER_D,Industrial,0,none,,38.41350829839776
MTR_0069,FEEDER_A,Residential,1,peak_selective_bypass,2026-02-26 07:00:00,3.7195740053122615
MTR_0070,FEEDER_B,Residential,0,none,,3.827849192630412
MTR_0071,FEEDER_C,Commercial,0,none,,27.636487033635873
MTR_0072,FEEDER_D,Residential,0,none,,4.038086706092456
MTR_0073,FEEDER_A,Residential,0,none,,4.484937113609743
MTR_0074,FEEDER_B,Residential,0,none,,3.953443807070081
MTR_0075,FEEDER_C,Residential,0,none,,4.295132985330651
MTR_0076,FEEDER_D,Residential,1,gradual_drift_attenuation,2026-02-02 11:00:00,4.183258382694989
MTR_0077,FEEDER_A,Residential,0,none,,4.5441850145186455
MTR_0078,FEEDER_B,Residential,1,gradual_drift_attenuation,2026-02-21 07:00:00,4.233706613427758
MTR_0079,FEEDER_C,Residential,0,none,,4.419577120409878
MTR_0080,FEEDER_D,Residential,0,none,,3.9443117713818556
MTR_0081,FEEDER_A,Residential,0,none,,3.911803946852025
MTR_0082,FEEDER_B,Residential,0,none,,4.029749675016694
MTR_0083,FEEDER_C,Residential,0,none,,3.6565191908409673
MTR_0084,FEEDER_D,Residential,0,none,,4.020361830853084
MTR_0085,FEEDER_A,Industrial,0,none,,49.33498507618144
MTR_0086,FEEDER_B,Residential,0,none,,4.024303273291064
MTR_0087,FEEDER_C,Commercial,0,none,,21.89782914169403
MTR_0088,FEEDER_D,Residential,0,none,,3.9774501282541386
MTR_0089,FEEDER_A,Residential,0,none,,4.2516665289277675
MTR_0090,FEEDER_B,Industrial,0,none,,51.13878844673615
MTR_0091,FEEDER_C,Residential,1,peak_selective_bypass,2026-02-24 05:00:00,4.379430727375571
MTR_0092,FEEDER_D,Residential,0,none,,3.964486885661141
MTR_0093,FEEDER_A,Residential,0,none,,4.023251709722574
MTR_0094,FEEDER_B,Industrial,0,none,,35.40849640452991
MTR_0095,FEEDER_C,Residential,0,none,,4.258259673264234
MTR_0096,FEEDER_D,Commercial,0,none,,24.911252424025786
MTR_0097,FEEDER_A,Residential,1,gradual_drift_attenuation,2026-02-28 12:00:00,4.159668041790035
MTR_0098,FEEDER_B,Commercial,0,none,,24.100068993293455
MTR_0099,FEEDER_C,Commercial,0,none,,18.700496963994315
MTR_0100,FEEDER_D,Residential,0,none,,4.061256217733514
MTR_0101,FEEDER_A,Residential,0,none,,3.8916920400331594
MTR_0102,FEEDER_B,Residential,0,none,,3.612116973801814
MTR_0103,FEEDER_C,Residential,0,none,,3.6606623299791594
MTR_0104,FEEDER_D,Residential,0,none,,3.780992609431476
MTR_0105,FEEDER_A,Residential,0,none,,4.517298954052039
MTR_0106,FEEDER_B,Commercial,0,none,,25.619260206523066
MTR_0107,FEEDER_C,Residential,0,none,,4.038404638747819
MTR_0108,FEEDER_D,Residential,0,none,,4.427147240100315
MTR_0109,FEEDER_A,Residential,0,none,,3.85170532966771
MTR_0110,FEEDER_B,Residential,0,none,,3.816422496035975
MTR_0111,FEEDER_C,Industrial,0,none,,50.89881547139339
MTR_0112,FEEDER_D,Residential,0,none,,4.210520058043827
MTR_0113,FEEDER_A,Commercial,0,none,,22.1530906819211
MTR_0114,FEEDER_B,Residential,1,meter_reverse_flow,2026-02-18 04:00:00,3.809386674344415
MTR_0115,FEEDER_C,Residential,0,none,,3.9667173955902926
MTR_0116,FEEDER_D,Residential,1,meter_reverse_flow,2026-02-22 20:00:00,3.9277568903702496
MTR_0117,FEEDER_A,Residential,0,none,,3.886024011197022
MTR_0118,FEEDER_B,Industrial,0,none,,60.65152992095719
MTR_0119,FEEDER_C,Residential,0,none,,4.014693671794449
MTR_0120,FEEDER_D,Residential,0,none,,4.034362159490903
